no,province_id,province,district,hcode,year,hospital name,target_population,screened_total,screened_normal,screened_risk,care_total,assess_9q_normal,assess_9q_risk,assess_8q_normal,assess_8q_risk,care_counseling,care_referral,followup_normal,followup_risk_q12,followup_risk_q3
1,30,นครราชสีมา,ขามทะเลสอ,99900,2569,ศูนย์สุขภาพชุมชนตำบลขามทะเลสอ,,0,,,,,,,,,,,,
2,30,นครราชสีมา,ขามทะเลสอ,13834,2569,โรงพยาบาลส่งเสริมสุขภาพตำบลกุ่มพะยา,557,200,195,5,5,5,0,5,0,5,0,,,
3,30,นครราชสีมา,ขามทะเลสอ,02787,2569,โรงพยาบาลส่งเสริมสุขภาพตำบลบึงอ้อ,540,275,264,11,11,11,0,11,0,11,0,,,
4,30,นครราชสีมา,ขามทะเลสอ,02786,2569,โรงพยาบาลส่งเสริมสุขภาพตำบลบ้านหนองตะครอง,292,79,74,5,5,5,,,,,,,,
5,30,นครราชสีมา,ขามทะเลสอ,02783,2569,โรงพยาบาลส่งเสริมสุขภาพตำบลพันดุง,571,501,485,16,16,16,0,16,0,16,0,,,
6,30,นครราชสีมา,ขามทะเลสอ,02785,2569,โรงพยาบาลส่งเสริมสุขภาพตำบลหนองสรวง,954,192,188,4,4,4,0,4,0,4,0,,,
7,30,นครราชสีมา,ขามทะเลสอ,02784,2569,โรงพยาบาลส่งเสริมสุขภาพตำบลโคกแขวน,328,232,215,17,17,,,,,,,,,
8,30,นครราชสีมา,ขามทะเลสอ,02782,2569,โรงพยาบาลส่งเสริมสุขภาพตำบลโป่งแดง,1554,437,431,6,6,6,0,6,0,6,0,,,
9,30,นครราชสีมา,ขามสะแกแสง,23563,2569,ศูนย์สุขภาพชุมชนขามสะแกแสง,,0,,,,,,,,,,,,
10,30,นครราชสีมา,ขามสะแกแสง,02668,2569,โรงพยาบาลส่งเสริมสุขภาพตำบลชีวึก,1134,209,207,2,,,,,,,,,,
11,30,นครราชสีมา,ขามสะแกแสง,02667,2569,โรงพยาบาลส่งเสริมสุขภาพตำบลบ้านห้วย,1215,1044,1033,11,11,,,,,,,,,
12,30,นครราชสีมา,ขามสะแกแสง,02670,2569,โรงพยาบาลส่งเสริมสุขภาพตำบลหนองหัวฟาน,1555,815,787,28,37,37,0,37,0,37,0,,,
13,30,นครราชสีมา,ขามสะแกแสง,02806,2569,โรงพยาบาลส่งเสริมสุขภาพตำบลหนองไข่น้ำ,1004,584,564,26,26,,,,,,,,,
14,30,นครราชสีมา,ขามสะแกแสง,02671,2569,โรงพยาบาลส่งเสริมสุขภาพตำบลเมืองทอง,925,262,254,8,,,,,,,,,,
15,30,นครราชสีมา,ขามสะแกแสง,02666,2569,โรงพยาบาลส่งเสริมสุขภาพตำบลโนนเมือง,771,701,694,8,8,8,0,8,8,8,0,,,
16,30,นครราชสีมา,คง,02595,2569,โรงพยาบาลส่งเสริมสุขภาพตำบลขามสมบูรณ์,950,246,243,3,3,3,0,3,0,0,0,,,
17,30,นครราชสีมา,คง,02587,2569,โรงพยาบาลส่งเสริมสุขภาพตำบลคอนเมือง,870,9,9,5,5,5,0,5,0,0,0,,,
18,30,นครราชสีมา,คง,02676,2569,โรงพยาบาลส่งเสริมสุขภาพตำบลคูขาด,1037,29,25,4,4,4,0,0,0,4,0,,,
19,30,นครราชสีมา,คง,02594,2569,โรงพยาบาลส่งเสริมสุขภาพตำบลดอนใหญ่,975,556,541,17,17,17,0,0,0,17,0,,,
20,30,นครราชสีมา,คง,02589,2569,โรงพยาบาลส่งเสริมสุขภาพตำบลตาจั่น,1744,33,33,0,,,,,,,,,,
21,30,นครราชสีมา,คง,02590,2569,โรงพยาบาลส่งเสริมสุขภาพตำบลบ้านปรางค์,1948,74,73,25,25,25,0,0,0,25,0,,,
22,30,นครราชสีมา,คง,02588,2569,โรงพยาบาลส่งเสริมสุขภาพตำบลบ้านวัด,1148,860,829,31,31,31,0,31,0,0,0,,,
23,30,นครราชสีมา,คง,02585,2569,โรงพยาบาลส่งเสริมสุขภาพตำบลปอปิด,987,140,134,6,6,6,0,6,0,6,,,,
24,30,นครราชสีมา,คง,02591,2569,โรงพยาบาลส่งเสริมสุขภาพตำบลหนองม่วง,1619,1006,979,27,29,29,0,29,0,29,0,,,
25,30,นครราชสีมา,คง,02592,2569,โรงพยาบาลส่งเสริมสุขภาพตำบลห้วยไหราษฎร์พัฒนา,1334,1127,1115,12,12,12,0,0,0,0,0,,,
26,30,นครราชสีมา,คง,02593,2569,โรงพยาบาลส่งเสริมสุขภาพตำบลโนนเต็ง,1324,724,691,54,,,,,,,,,,
27,30,นครราชสีมา,ครบุรี,,2569,ศูนย์พัฒนาคุณภาพชีวิตผู้สูงอายุและผู้พิการตำบลจระเข้หิน,,0,,,,,,,,,,,,
28,30,นครราชสีมา,ครบุรี,,2569,ศูนย์พัฒนาคุณภาพชีวิตฟื้นฟูดูแลผู้สูงอายุ ผู้พิการและบุคคลอื่นที่มีภาวะพึ่งพิง ตำบลสระว่านพระยา,,0,,,,,,,,,,,,
29,30,นครราชสีมา,ครบุรี,02566,2569,โรงพยาบาลส่งเสริมสุขภาพตำบลจระเข้หิน,1816,1495,1421,74,,,,,,,,,,
30,30,นครราชสีมา,ครบุรี,02574,2569,โรงพยาบาลส่งเสริมสุขภาพตำบลซับก้านเหลือง,1593,1277,1220,57,,,,,,,,,,
31,30,นครราชสีมา,ครบุรี,02573,2569,โรงพยาบาลส่งเสริมสุขภาพตำบลซับระวิง,273,250,240,10,11,8,2,8,2,2,0,,,
32,30,นครราชสีมา,ครบุรี,02561,2569,โรงพยาบาลส่งเสริมสุขภาพตำบลดอนแสนสุข,1291,1052,1010,42,,,,,,,,,,
33,30,นครราชสีมา,ครบุรี,02567,2569,โรงพยาบาลส่งเสริมสุขภาพตำบลตลิ่งชัน,247,215,210,5,,,,,,,,,,
34,30,นครราชสีมา,ครบุรี,02569,2569,โรงพยาบาลส่งเสริมสุขภาพตำบลนาราก,1266,1083,1045,38,,,,,,,,,,
35,30,นครราชสีมา,ครบุรี,11988,2569,โรงพยาบาลส่งเสริมสุขภาพตำบลบ้านหนองโบสถ์,30,0,,,,,,,,,,,,
36,30,นครราชสีมา,ครบุรี,02562,2569,โรงพยาบาลส่งเสริมสุขภาพตำบลบ้านใหญ่,847,686,670,16,16,16,0,16,0,16,0,,,
37,30,นครราชสีมา,ครบุรี,02860,2569,โรงพยาบาลส่งเสริมสุขภาพตำบลมาบกราด,620,538,528,10,,,,,,,,,,
38,30,นครราชสีมา,ครบุรี,02568,2569,โรงพยาบาลส่งเสริมสุขภาพตำบลมาบตะโกเอน,855,593,572,21,,,,,,,,,,
39,30,นครราชสีมา,ครบุรี,02572,2569,โรงพยาบาลส่งเสริมสุขภาพตำบลลำเพียก,847,762,735,27,,,,,,,,,,
40,30,นครราชสีมา,ครบุรี,02576,2569,โรงพยาบาลส่งเสริมสุขภาพตำบลสระว่านพระยา,917,839,821,18,,,,,,,,,,
41,30,นครราชสีมา,ครบุรี,02575,2569,โรงพยาบาลส่งเสริมสุขภาพตำบลหนองบัว,813,643,624,19,,,,,,,,,,
42,30,นครราชสีมา,ครบุรี,02570,2569,โรงพยาบาลส่งเสริมสุขภาพตำบลอังโกน,1336,1133,1095,38,,,,,,,,,,
43,30,นครราชสีมา,ครบุรี,02563,2569,โรงพยาบาลส่งเสริมสุขภาพตำบลเฉลียงใหญ่,1905,1648,1600,48,,,,,,,,,,
44,30,นครราชสีมา,ครบุรี,14699,2569,โรงพยาบาลส่งเสริมสุขภาพตำบลโคกกระชาย,1302,1186,1163,23,23,23,0,23,0,23,0,,,
45,30,นครราชสีมา,ครบุรี,02571,2569,โรงพยาบาลส่งเสริมสุขภาพตำบลโนนกลาง,600,378,369,9,,,,,,,,,,
46,30,นครราชสีมา,จักราช,02606,2569,โรงพยาบาลส่งเสริมสุขภาพตำบลดงพลอง,1704,195,187,49,49,,,,,,,,,
47,30,นครราชสีมา,จักราช,02603,2569,โรงพยาบาลส่งเสริมสุขภาพตำบลบ้านบุ,943,621,597,26,26,26,0,26,0,26,0,,,
48,30,นครราชสีมา,จักราช,02605,2569,โรงพยาบาลส่งเสริมสุขภาพตำบลละกอ,1928,24,24,0,,,,,,,,,,
49,30,นครราชสีมา,จักราช,02834,2569,โรงพยาบาลส่งเสริมสุขภาพตำบลสีสุก,1765,12,9,14,,,,,,,,,,
50,30,นครราชสีมา,จักราช,02741,2569,โรงพยาบาลส่งเสริมสุขภาพตำบลหนองขาม,1801,22,19,3,3,3,0,3,0,3,0,,,
51,30,นครราชสีมา,จักราช,02600,2569,โรงพยาบาลส่งเสริมสุขภาพตำบลหนองบัวตะแบง,1512,18,15,37,37,37,0,37,0,37,0,,,
52,30,นครราชสีมา,จักราช,02607,2569,โรงพยาบาลส่งเสริมสุขภาพตำบลหินโคน,1366,16,16,17,17,,,,,,,,,
53,30,นครราชสีมา,จักราช,02604,2569,โรงพยาบาลส่งเสริมสุขภาพตำบลโคกพระ,621,60,60,0,,,,,,,,,,
54,30,นครราชสีมา,ชุมพวง,13832,2569,โรงพยาบาลส่งเสริมสุขภาพตำบลตลาดไทร,814,2,2,0,,,,,,,,,,
55,30,นครราชสีมา,ชุมพวง,02761,2569,โรงพยาบาลส่งเสริมสุขภาพตำบลตาจง,1326,12,12,0,,,,,,,,,,
56,30,นครราชสีมา,ชุมพวง,02766,2569,โรงพยาบาลส่งเสริมสุขภาพตำบลตูมใหญ่,1600,1215,1169,46,,,,,,,,,,
57,30,นครราชสีมา,ชุมพวง,02758,2569,โรงพยาบาลส่งเสริมสุขภาพตำบลท่าลาด,1359,1359,1359,0,,,,,,,,,,
58,30,นครราชสีมา,ชุมพวง,02757,2569,โรงพยาบาลส่งเสริมสุขภาพตำบลบ้านเขว้า,1395,321,317,4,,,,,,,,,,
59,30,นครราชสีมา,ชุมพวง,02764,2569,โรงพยาบาลส่งเสริมสุขภาพตำบลปฏิรูปที่ดิน,715,0,,,,,,,,,,,,
60,30,นครราชสีมา,ชุมพวง,02767,2569,โรงพยาบาลส่งเสริมสุขภาพตำบลประดู่,1191,27,26,1,,,,,,,,,,
61,30,นครราชสีมา,ชุมพวง,02756,2569,โรงพยาบาลส่งเสริมสุขภาพตำบลประสุข,1530,36,36,0,,,,,,,,,,
62,30,นครราชสีมา,ชุมพวง,02762,2569,โรงพยาบาลส่งเสริมสุขภาพตำบลหนองตาด,748,566,561,5,,,,,,,,,,
63,30,นครราชสีมา,ชุมพวง,02765,2569,โรงพยาบาลส่งเสริมสุขภาพตำบลหนองหลัก,911,817,795,22,22,22,0,22,0,22,0,,,
64,30,นครราชสีมา,ชุมพวง,02759,2569,โรงพยาบาลส่งเสริมสุขภาพตำบลโคกพะงาด,845,296,290,6,,,,,,,,,,
65,30,นครราชสีมา,ชุมพวง,02760,2569,โรงพยาบาลส่งเสริมสุขภาพตำบลโคกหินช้าง,891,2,2,0,,,,,,,,,,
66,30,นครราชสีมา,ชุมพวง,02763,2569,โรงพยาบาลส่งเสริมสุขภาพตำบลโนนรัง,934,934,918,16,16,16,0,16,0,16,0,,,
67,30,นครราชสีมา,ด่านขุนทด,02618,2569,โรงพยาบาลส่งเสริมสุขภาพตำบลกุดพิมาน,1931,78,74,4,,,,,,,,,,
68,30,นครราชสีมา,ด่านขุนทด,02622,2569,โรงพยาบาลส่งเสริมสุขภาพตำบลกุดม่วง,1626,87,85,2,,,,,,,,,,
69,30,นครราชสีมา,ด่านขุนทด,02817,2569,โรงพยาบาลส่งเสริมสุขภาพตำบลซับพลู,675,443,410,33,,,,,,,,,,
70,30,นครราชสีมา,ด่านขุนทด,02636,2569,โรงพยาบาลส่งเสริมสุขภาพตำบลดอนป่าโอบ,997,63,53,10,,,,,,,,,,
71,30,นครราชสีมา,ด่านขุนทด,02619,2569,โรงพยาบาลส่งเสริมสุขภาพตำบลด่านนอก,873,38,32,6,,,,,,,,,,
72,30,นครราชสีมา,ด่านขุนทด,02621,2569,โรงพยาบาลส่งเสริมสุขภาพตำบลตะเคียน,812,338,331,7,,,,,,,,,,
73,30,นครราชสีมา,ด่านขุนทด,02824,2569,โรงพยาบาลส่งเสริมสุขภาพตำบลบ้านพระ,785,482,472,10,,,,,,,,,,
74,30,นครราชสีมา,ด่านขุนทด,02624,2569,โรงพยาบาลส่งเสริมสุขภาพตำบลบ้านแปรง,1465,138,134,4,,,,,,,,,,
75,30,นครราชสีมา,ด่านขุนทด,02625,2569,โรงพยาบาลส่งเสริมสุขภาพตำบลพันชนะ,1608,73,68,5,,,,,,,,,,
76,30,นครราชสีมา,ด่านขุนทด,02623,2569,โรงพยาบาลส่งเสริมสุขภาพตำบลวังโป่ง,1206,3,0,3,,,,,,,,,,
77,30,นครราชสีมา,ด่านขุนทด,02626,2569,โรงพยาบาลส่งเสริมสุขภาพตำบลสระจรเข้,1159,502,484,18,18,18,0,18,0,18,0,,,
78,30,นครราชสีมา,ด่านขุนทด,02627,2569,โรงพยาบาลส่งเสริมสุขภาพตำบลหนองกราด,1990,29,24,5,,,,,,,,,,
79,30,นครราชสีมา,ด่านขุนทด,02628,2569,โรงพยาบาลส่งเสริมสุขภาพตำบลหนองบัวตะเกียด,1802,1069,1030,40,40,40,0,40,0,40,0,,,
80,30,นครราชสีมา,ด่านขุนทด,02629,2569,โรงพยาบาลส่งเสริมสุขภาพตำบลหนองบัวละคร,842,33,32,1,,,,,,,,,,
81,30,นครราชสีมา,ด่านขุนทด,02633,2569,โรงพยาบาลส่งเสริมสุขภาพตำบลหนองใหญ่,431,404,373,31,31,31,0,31,0,0,,,,
82,30,นครราชสีมา,ด่านขุนทด,02748,2569,โรงพยาบาลส่งเสริมสุขภาพตำบลหินดาด,1158,906,851,55,55,55,0,55,0,55,0,,,
83,30,นครราชสีมา,ด่านขุนทด,02631,2569,โรงพยาบาลส่งเสริมสุขภาพตำบลห้วยจรเข้,1417,1417,1417,0,,,,,,,,,,
84,30,นครราชสีมา,ด่านขุนทด,02632,2569,โรงพยาบาลส่งเสริมสุขภาพตำบลห้วยบง,512,258,250,8,8,8,0,8,0,8,,,,
85,30,นครราชสีมา,ด่านขุนทด,02635,2569,โรงพยาบาลส่งเสริมสุขภาพตำบลโนนเมืองพัฒนา,816,50,46,4,,,,,,,,,,
86,30,นครราชสีมา,บัวลาย,14249,2569,โรงพยาบาลส่งเสริมสุขภาพตำบลคึมมะอุ,574,528,526,2,2,2,0,2,0,2,0,,,
87,30,นครราชสีมา,บัวลาย,02680,2569,โรงพยาบาลส่งเสริมสุขภาพตำบลบัวลาย,1264,1089,647,7,,,,,,,,,,
88,30,นครราชสีมา,บัวลาย,13833,2569,โรงพยาบาลส่งเสริมสุขภาพตำบลหนองแวง,600,579,570,9,9,9,0,9,0,9,0,,,
89,30,นครราชสีมา,บัวลาย,02690,2569,โรงพยาบาลส่งเสริมสุขภาพตำบลเมืองพะไล,,0,,0,,,,,,,,,,
90,30,นครราชสีมา,บัวลาย,02685,2569,โรงพยาบาลส่งเสริมสุขภาพตำบลโนนจาน,1661,1120,1108,12,12,12,0,12,0,12,,,,
91,30,นครราชสีมา,บัวใหญ่,14829,2569,ศูนย์บริการสาธารณสุข ๑ เทศบาลเมืองบัวใหญ่,2179,3,3,0,,,,,,,,,,
92,30,นครราชสีมา,บัวใหญ่,99947,2569,ศูนย์สุขภาพชุมชนโรงพยาบาลบัวใหญ่,17,0,,,,,,,,,,,,
93,30,นครราชสีมา,บัวใหญ่,02676,2569,โรงพยาบาลส่งเสริมสุขภาพตำบลคูขาด,858,294,291,13,13,13,0,13,0,13,0,,,
94,30,นครราชสีมา,บัวใหญ่,02672,2569,โรงพยาบาลส่งเสริมสุขภาพตำบลดงบัง,1474,616,602,15,15,15,0,15,0,15,0,,,
95,30,นครราชสีมา,บัวใหญ่,02688,2569,โรงพยาบาลส่งเสริมสุขภาพตำบลดอนคนทา,870,34,33,1,,,,,,,,,,
96,30,นครราชสีมา,บัวใหญ่,02678,2569,โรงพยาบาลส่งเสริมสุขภาพตำบลดอนชุมช้าง,645,402,399,3,3,3,0,3,0,3,0,,,
97,30,นครราชสีมา,บัวใหญ่,02674,2569,โรงพยาบาลส่งเสริมสุขภาพตำบลทองหลางน้อย,952,29,29,0,,,,,,,,,,
98,30,นครราชสีมา,บัวใหญ่,02675,2569,โรงพยาบาลส่งเสริมสุขภาพตำบลหนองพลวง,304,6,6,0,,,,,,,,,,
99,30,นครราชสีมา,บัวใหญ่,02683,2569,โรงพยาบาลส่งเสริมสุขภาพตำบลหนองเชียงโข่,856,91,89,2,,,,,,,,,,
100,30,นครราชสีมา,บัวใหญ่,02673,2569,โรงพยาบาลส่งเสริมสุขภาพตำบลหนองแจ้งน้อย,1079,48,48,0,,,,,,,,,,
101,30,นครราชสีมา,บัวใหญ่,02692,2569,โรงพยาบาลส่งเสริมสุขภาพตำบลหนองแจ้งใหญ่,1106,627,606,23,23,23,0,23,0,23,0,,,
102,30,นครราชสีมา,บัวใหญ่,02684,2569,โรงพยาบาลส่งเสริมสุขภาพตำบลโคกสะอาด,1345,683,677,6,,,,,,,,,,
103,30,นครราชสีมา,บัวใหญ่,02695,2569,โรงพยาบาลส่งเสริมสุขภาพตำบลโคกสี,729,0,,,,,,,,,,,,
104,30,นครราชสีมา,บัวใหญ่,02677,2569,โรงพยาบาลส่งเสริมสุขภาพตำบลโนนทองหลาง,1078,298,283,21,21,21,0,21,0,21,,,,
105,30,นครราชสีมา,บ้านเหลื่อม,02599,2569,โรงพยาบาลส่งเสริมสุขภาพตำบลช่อระกา,778,493,488,6,6,6,0,6,0,6,,,,
106,30,นครราชสีมา,บ้านเหลื่อม,02598,2569,โรงพยาบาลส่งเสริมสุขภาพตำบลตลุกพลวง,1021,37,34,3,,,,,,,,,,
107,30,นครราชสีมา,บ้านเหลื่อม,02596,2569,โรงพยาบาลส่งเสริมสุขภาพตำบลวังโพธิ์,578,106,104,2,,,,,,,,,,
108,30,นครราชสีมา,บ้านเหลื่อม,02597,2569,โรงพยาบาลส่งเสริมสุขภาพตำบลโคกกระเบื้อง,561,72,70,2,,,,,,,,,,
109,30,นครราชสีมา,ประทาย,02700,2569,โรงพยาบาลส่งเสริมสุขภาพตำบลคอกหมู,1129,40,40,0,,,,,,,,,,
110,30,นครราชสีมา,ประทาย,02696,2569,โรงพยาบาลส่งเสริมสุขภาพตำบลบ้านประทาย,1170,50,44,6,,,,,,,,,,
111,30,นครราชสีมา,ประทาย,02698,2569,โรงพยาบาลส่งเสริมสุขภาพตำบลสำโรง,1016,237,231,6,,,,,,,,,,
112,30,นครราชสีมา,ประทาย,02693,2569,โรงพยาบาลส่งเสริมสุขภาพตำบลสี่เหลี่ยม,932,9,9,0,,,,,,,,,,
113,30,นครราชสีมา,ประทาย,02701,2569,โรงพยาบาลส่งเสริมสุขภาพตำบลหญ้าคา,1190,432,420,12,,,,,,,,,,
114,30,นครราชสีมา,ประทาย,02705,2569,โรงพยาบาลส่งเสริมสุขภาพตำบลหนองคู,888,0,,,,,,,,,,,,
115,30,นครราชสีมา,ประทาย,02702,2569,โรงพยาบาลส่งเสริมสุขภาพตำบลหนองช่างตาย,1118,858,796,63,63,63,0,63,0,63,0,,,
116,30,นครราชสีมา,ประทาย,02699,2569,โรงพยาบาลส่งเสริมสุขภาพตำบลหันห้วยทราย,1432,126,124,2,,,,,,,,,,
117,30,นครราชสีมา,ประทาย,02835,2569,โรงพยาบาลส่งเสริมสุขภาพตำบลหัวหนอง,1246,916,888,28,,,,,,,,,,
118,30,นครราชสีมา,ประทาย,02703,2569,โรงพยาบาลส่งเสริมสุขภาพตำบลเย้ยตะแบง,880,603,596,7,,,,,,,,,,
119,30,นครราชสีมา,ประทาย,02704,2569,โรงพยาบาลส่งเสริมสุขภาพตำบลโคกกลาง,1393,222,212,10,,,,,,,,,,
120,30,นครราชสีมา,ประทาย,02695,2569,โรงพยาบาลส่งเสริมสุขภาพตำบลโคกสี,1333,173,164,44,44,44,0,44,0,44,0,,,
121,30,นครราชสีมา,ประทาย,02694,2569,โรงพยาบาลส่งเสริมสุขภาพตำบลโนนไผ่ล้อม,675,4,4,0,,,,,,,,,,
122,30,นครราชสีมา,ปักธงชัย,23927,2569,ศูนย์บริการสาธารณสุข เทศบาลตำบลเมืองปัก,1,0,,,,,,,,,,,,
123,30,นครราชสีมา,ปักธงชัย,,2569,ศูนย์พัฒนาคุณภาพชีวิตและส่งเสริมอาชีพผู้สูงอายุเทศบาลตำบลลำนางแก้ว,,0,,,,,,,,,,,,
124,30,นครราชสีมา,ปักธงชัย,99893,2569,ศูนย์สุขภาพชุมชนปักธงชัย,,0,,,,,,,,,,,,
125,30,นครราชสีมา,ปักธงชัย,02709,2569,โรงพยาบาลส่งเสริมสุขภาพตำบลขุนละคร,521,294,282,12,,,,,,,,,,
126,30,นครราชสีมา,ปักธงชัย,02716,2569,โรงพยาบาลส่งเสริมสุขภาพตำบลงิ้ว,1455,1087,1064,23,,,,,,,,,,
127,30,นครราชสีมา,ปักธงชัย,02710,2569,โรงพยาบาลส่งเสริมสุขภาพตำบลตะขบ,1485,412,393,19,,,,,,,,,,
128,30,นครราชสีมา,ปักธงชัย,02706,2569,โรงพยาบาลส่งเสริมสุขภาพตำบลตะคุ,1685,615,583,32,,,,,,,,,,
129,30,นครราชสีมา,ปักธงชัย,02724,2569,โรงพยาบาลส่งเสริมสุขภาพตำบลท่าเยี่ยม,1004,70,64,6,,,,,,,,,,
130,30,นครราชสีมา,ปักธงชัย,02713,2569,โรงพยาบาลส่งเสริมสุขภาพตำบลนกออก,1190,108,107,1,,,,,,,,,,
131,30,นครราชสีมา,ปักธงชัย,02723,2569,โรงพยาบาลส่งเสริมสุขภาพตำบลนางเหริญ,547,458,449,9,,,,,,,,,,
132,30,นครราชสีมา,ปักธงชัย,02711,2569,โรงพยาบาลส่งเสริมสุขภาพตำบลน้ำซับ,886,87,86,1,1,1,0,1,0,1,0,,,
133,30,นครราชสีมา,ปักธงชัย,02708,2569,โรงพยาบาลส่งเสริมสุขภาพตำบลบุสมอ,961,202,194,8,,,,,,,,,,
134,30,นครราชสีมา,ปักธงชัย,13831,2569,โรงพยาบาลส่งเสริมสุขภาพตำบลบ้านดู่,1390,91,90,1,,,,,,,,,,
135,30,นครราชสีมา,ปักธงชัย,02714,2569,โรงพยาบาลส่งเสริมสุขภาพตำบลบ้านพร้าว,461,8,8,0,,,,,,,,,,
136,30,นครราชสีมา,ปักธงชัย,02715,2569,โรงพยาบาลส่งเสริมสุขภาพตำบลบ้านหนองปลิง,1450,217,208,9,,,,,,,,,,
137,30,นครราชสีมา,ปักธงชัย,02717,2569,โรงพยาบาลส่งเสริมสุขภาพตำบลบ้านโคก,1395,218,209,9,,,,,,,,,,
138,30,นครราชสีมา,ปักธงชัย,02721,2569,โรงพยาบาลส่งเสริมสุขภาพตำบลปลายดาบ,1021,896,883,13,,,,,,,,,,
139,30,นครราชสีมา,ปักธงชัย,02712,2569,โรงพยาบาลส่งเสริมสุขภาพตำบลพระเพลิง,856,363,352,11,,,,,,,,,,
140,30,นครราชสีมา,ปักธงชัย,02719,2569,โรงพยาบาลส่งเสริมสุขภาพตำบลลำนางแก้ว,852,338,305,33,,,,,,,,,,
141,30,นครราชสีมา,ปักธงชัย,02707,2569,โรงพยาบาลส่งเสริมสุขภาพตำบลสุขัง,902,57,57,0,,,,,,,,,,
142,30,นครราชสีมา,ปักธงชัย,02720,2569,โรงพยาบาลส่งเสริมสุขภาพตำบลหนองนกเขียน,626,182,174,8,,,,,,,,,,
143,30,นครราชสีมา,ปักธงชัย,02722,2569,โรงพยาบาลส่งเสริมสุขภาพตำบลหลุมข้าว,330,163,163,0,,,,,,,,,,
144,30,นครราชสีมา,ปักธงชัย,02718,2569,โรงพยาบาลส่งเสริมสุขภาพตำบลเชียงสา,884,239,231,8,,,,,,,,,,
145,30,นครราชสีมา,ปากช่อง,24641,2569,ศูนย์สุขภาพชุมชนเทศบาลเมืองปากช่อง 1,1174,317,300,17,,,,,,,,,,
146,30,นครราชสีมา,ปากช่อง,24642,2569,ศูนย์สุขภาพชุมชนเทศบาลเมืองปากช่อง 2,1815,58,56,2,,,,,,,,,,
147,30,นครราชสีมา,ปากช่อง,23012,2569,ศูนย์สุขภาพชุมชนเทศบาลเมืองปากช่อง3(หนองสาหร่าย),1719,178,166,12,,,,,,,,,,
148,30,นครราชสีมา,ปากช่อง,02811,2569,สถานีอนามัยเฉลิมพระเกียรติ 60 พรรษา นวมินทราชินี,1935,249,236,13,,,,,,,,,,
149,30,นครราชสีมา,ปากช่อง,02804,2569,โรงพยาบาลส่งเสริมสุขภาพตำบลกลางดง,1972,77,76,1,,,,,,,,,,
150,30,นครราชสีมา,ปากช่อง,02813,2569,โรงพยาบาลส่งเสริมสุขภาพตำบลขนงพระเหนือ,514,378,359,19,19,19,0,19,0,19,0,,,
151,30,นครราชสีมา,ปากช่อง,02814,2569,โรงพยาบาลส่งเสริมสุขภาพตำบลขนงพระใต้,1494,190,181,9,9,9,0,9,0,9,0,,,
152,30,นครราชสีมา,ปากช่อง,02809,2569,โรงพยาบาลส่งเสริมสุขภาพตำบลคลองดินดำ,840,11,11,0,11,11,0,11,0,11,0,,,
153,30,นครราชสีมา,ปากช่อง,02816,2569,โรงพยาบาลส่งเสริมสุขภาพตำบลคลองม่วง,790,539,487,52,52,,,,,,,,,
154,30,นครราชสีมา,ปากช่อง,02820,2569,โรงพยาบาลส่งเสริมสุขภาพตำบลซับน้อย,844,22,20,2,,,,,,,,,,
155,30,นครราชสีมา,ปากช่อง,02817,2569,โรงพยาบาลส่งเสริมสุขภาพตำบลซับพลู,688,28,27,18,18,18,0,18,0,18,0,,,
156,30,นครราชสีมา,ปากช่อง,02810,2569,โรงพยาบาลส่งเสริมสุขภาพตำบลท่าช้าง,1328,26,25,1,,,,,,,,,,
157,30,นครราชสีมา,ปากช่อง,02812,2569,โรงพยาบาลส่งเสริมสุขภาพตำบลบ่อทอง,2188,33,32,1,1,1,0,1,0,1,0,,,
158,30,นครราชสีมา,ปากช่อง,02807,2569,โรงพยาบาลส่งเสริมสุขภาพตำบลวังกะทะ,896,81,76,5,,,,,,,,,,
159,30,นครราชสีมา,ปากช่อง,02819,2569,โรงพยาบาลส่งเสริมสุขภาพตำบลวังไทร,942,3,3,0,0,0,0,0,0,0,0,,,
160,30,นครราชสีมา,ปากช่อง,02805,2569,โรงพยาบาลส่งเสริมสุขภาพตำบลหนองกระทุ่ม,1597,314,295,19,19,19,0,19,0,19,0,,,
161,30,นครราชสีมา,ปากช่อง,02808,2569,โรงพยาบาลส่งเสริมสุขภาพตำบลหนองขวาง,628,548,533,15,,,,,,,,,,
162,30,นครราชสีมา,ปากช่อง,02815,2569,โรงพยาบาลส่งเสริมสุขภาพตำบลหนองคุ้ม,772,3,3,0,0,0,0,0,0,0,0,,,
163,30,นครราชสีมา,ปากช่อง,02818,2569,โรงพยาบาลส่งเสริมสุขภาพตำบลหนองน้ำแดง,1352,837,780,57,,,,,,,,,,
164,30,นครราชสีมา,ปากช่อง,02803,2569,โรงพยาบาลส่งเสริมสุขภาพตำบลหนองมะค่า,1874,1382,1308,78,78,78,0,78,0,78,,,,
165,30,นครราชสีมา,ปากช่อง,02806,2569,โรงพยาบาลส่งเสริมสุขภาพตำบลหนองไข่น้ำ,797,1,1,0,,,,,,,,,,
166,30,นครราชสีมา,ปากช่อง,02821,2569,โรงพยาบาลส่งเสริมสุขภาพตำบลโนนกระโดน,1018,118,118,0,,,,,,,,,,
167,30,นครราชสีมา,พระทองคำ,02862,2569,โรงพยาบาลส่งเสริมสุขภาพตำบลทัพรั้ง,1805,194,183,11,,,,,,,,,,
168,30,นครราชสีมา,พระทองคำ,02864,2569,โรงพยาบาลส่งเสริมสุขภาพตำบลทำนบพัฒนา,1070,238,225,13,,,,,,,,,,
169,30,นครราชสีมา,พระทองคำ,02861,2569,โรงพยาบาลส่งเสริมสุขภาพตำบลพังเทียม,1879,158,158,0,,,,,,,,,,
170,30,นครราชสีมา,พระทองคำ,02860,2569,โรงพยาบาลส่งเสริมสุขภาพตำบลมาบกราด,924,91,91,0,,,,,,,,,,
171,30,นครราชสีมา,พระทองคำ,02859,2569,โรงพยาบาลส่งเสริมสุขภาพตำบลสระพระ,8,0,,,,,,,,,,,,
172,30,นครราชสีมา,พระทองคำ,02863,2569,โรงพยาบาลส่งเสริมสุขภาพตำบลหนองหอย,673,19,18,1,,,,,,,,,,
173,30,นครราชสีมา,พิมาย,21481,2569,ศูยน์สุขภาพชุมชนพิมายเมืองใหม่,721,46,44,2,,,,,,,,,,
174,30,นครราชสีมา,พิมาย,02731,2569,โรงพยาบาลส่งเสริมสุขภาพตำบลจารย์ตำรา,517,517,506,9,9,9,0,0,,9,,,,
175,30,นครราชสีมา,พิมาย,02734,2569,โรงพยาบาลส่งเสริมสุขภาพตำบลชีวาน,1165,52,52,0,,,,,,,,,,
176,30,นครราชสีมา,พิมาย,02737,2569,โรงพยาบาลส่งเสริมสุขภาพตำบลดงน้อย,805,49,44,30,30,30,0,30,,30,,,,
177,30,นครราชสีมา,พิมาย,02738,2569,โรงพยาบาลส่งเสริมสุขภาพตำบลดงใหญ่,1274,3,3,0,,,,,,,,,,
178,30,นครราชสีมา,พิมาย,02730,2569,โรงพยาบาลส่งเสริมสุขภาพตำบลท่าหลวง,726,367,354,13,,,,,,,,,,
179,30,นครราชสีมา,พิมาย,02735,2569,โรงพยาบาลส่งเสริมสุขภาพตำบลนิคมสร้างตนเอง 1,1437,542,523,19,,,,,,,,,,
180,30,นครราชสีมา,พิมาย,02733,2569,โรงพยาบาลส่งเสริมสุขภาพตำบลนิคมสร้างตนเอง 2,893,691,670,24,24,24,0,24,0,20,0,,,
181,30,นครราชสีมา,พิมาย,02725,2569,โรงพยาบาลส่งเสริมสุขภาพตำบลบ้านซึม,1397,1197,1157,40,,,,,,,,,,
182,30,นครราชสีมา,พิมาย,02729,2569,โรงพยาบาลส่งเสริมสุขภาพตำบลบ้านเตย,1404,756,741,15,15,15,0,0,0,15,0,,,
183,30,นครราชสีมา,พิมาย,02739,2569,โรงพยาบาลส่งเสริมสุขภาพตำบลมะกอก,1055,511,488,23,,,,,,,,,,
184,30,นครราชสีมา,พิมาย,02740,2569,โรงพยาบาลส่งเสริมสุขภาพตำบลมะค่าระเว,778,755,735,20,20,20,0,0,0,20,0,,,
185,30,นครราชสีมา,พิมาย,02732,2569,โรงพยาบาลส่งเสริมสุขภาพตำบลรังกาใหญ่,1856,47,45,2,2,2,0,0,0,2,0,,,
186,30,นครราชสีมา,พิมาย,02727,2569,โรงพยาบาลส่งเสริมสุขภาพตำบลลุงตามัน,718,423,402,21,,,,,,,,,,
187,30,นครราชสีมา,พิมาย,02726,2569,โรงพยาบาลส่งเสริมสุขภาพตำบลสัมฤทธิ์,722,722,685,37,37,37,0,37,0,37,0,,,
188,30,นครราชสีมา,พิมาย,02741,2569,โรงพยาบาลส่งเสริมสุขภาพตำบลหนองขาม,968,11,11,0,,,,,,,,,,
189,30,นครราชสีมา,พิมาย,02728,2569,โรงพยาบาลส่งเสริมสุขภาพตำบลหนองจิก,2906,533,516,17,17,17,0,17,0,17,0,,,
190,30,นครราชสีมา,พิมาย,02742,2569,โรงพยาบาลส่งเสริมสุขภาพตำบลหนองระเวียง,1036,13,13,0,,,,,,,,,,
191,30,นครราชสีมา,พิมาย,02736,2569,โรงพยาบาลส่งเสริมสุขภาพตำบลหนองหญ้าขาว,779,28,27,1,,,,,,,,,,
192,30,นครราชสีมา,พิมาย,41723,2569,โรงพยาบาลส่งเสริมสุขภาพตำบลโนนพุทรา,939,387,387,0,,,,,,,,,,
193,30,นครราชสีมา,ลำทะเมนชัย,02867,2569,โรงพยาบาลส่งเสริมสุขภาพตำบลช่องแมว,1496,484,462,22,,,,,,,,,,
194,30,นครราชสีมา,ลำทะเมนชัย,02868,2569,โรงพยาบาลส่งเสริมสุขภาพตำบลดงหลบ,897,1,1,0,,,,,,,,,,
195,30,นครราชสีมา,ลำทะเมนชัย,02866,2569,โรงพยาบาลส่งเสริมสุขภาพตำบลบ้านยาง,1458,0,,,,,,,,,,,,
196,30,นครราชสีมา,ลำทะเมนชัย,02869,2569,โรงพยาบาลส่งเสริมสุขภาพตำบลไพล,1193,793,779,14,,,,,,,,,,
197,30,นครราชสีมา,วังน้ำเขียว,02841,2569,โรงพยาบาลส่งเสริมสุขภาพตำบลคลองทุเรียน,296,9,9,0,,,,,,,,,,
198,30,นครราชสีมา,วังน้ำเขียว,13835,2569,โรงพยาบาลส่งเสริมสุขภาพตำบลคลองสะท้อน,305,20,19,1,,,,,,,,,,
199,30,นครราชสีมา,วังน้ำเขียว,02842,2569,โรงพยาบาลส่งเสริมสุขภาพตำบลท่าวังไทร,550,50,49,1,,,,,,,,,,
200,30,นครราชสีมา,วังน้ำเขียว,02847,2569,โรงพยาบาลส่งเสริมสุขภาพตำบลบะใหญ่,453,20,14,6,,,,,,,,,,
201,30,นครราชสีมา,วังน้ำเขียว,02843,2569,โรงพยาบาลส่งเสริมสุขภาพตำบลบุเจ้าคุณ,76,10,10,0,,,,,,,,,,
202,30,นครราชสีมา,วังน้ำเขียว,02844,2569,โรงพยาบาลส่งเสริมสุขภาพตำบลยุบอีปูน,278,0,,,,,,,,,,,,
203,30,นครราชสีมา,วังน้ำเขียว,02846,2569,โรงพยาบาลส่งเสริมสุขภาพตำบลระเริง,526,8,8,0,,,,,,,,,,
204,30,นครราชสีมา,วังน้ำเขียว,02840,2569,โรงพยาบาลส่งเสริมสุขภาพตำบลศาลเจ้าพ่อ,809,15,14,1,,,,,,,,,,
205,30,นครราชสีมา,วังน้ำเขียว,02848,2569,โรงพยาบาลส่งเสริมสุขภาพตำบลหนองโสม,660,282,258,24,,,,,,,,,,
206,30,นครราชสีมา,วังน้ำเขียว,02845,2569,โรงพยาบาลส่งเสริมสุขภาพตำบลโนนสาวเอ้,404,1,1,0,0,,,,,,,,,
207,30,นครราชสีมา,วังน้ำเขียว,02849,2569,โรงพยาบาลส่งเสริมสุขภาพตำบลไทยสามัคคี,850,61,50,11,,,,,,,,,,
208,30,นครราชสีมา,สีคิ้ว,77471,2569,ศูนย์บริการสาธารณสุขเทศบาลเมืองสีคิ้ว,843,0,,,,,,,,,,,,
209,30,นครราชสีมา,สีคิ้ว,77771,2569,หน่วยบริการปฐมภูมิโรงพยาบาลสีคิ้ว,,0,,,,,,,,,,,,
210,30,นครราชสีมา,สีคิ้ว,02794,2569,โรงพยาบาลส่งเสริมสุขภาพตำบลกุดน้อย,837,15,15,0,,,,,,,,,,
211,30,นครราชสีมา,สีคิ้ว,02792,2569,โรงพยาบาลส่งเสริมสุขภาพตำบลคลองตะแบก,2389,68,66,2,,,,,,,,,,
212,30,นครราชสีมา,สีคิ้ว,02800,2569,โรงพยาบาลส่งเสริมสุขภาพตำบลคลองไผ่,2137,105,99,6,,,,,,,,,,
213,30,นครราชสีมา,สีคิ้ว,02788,2569,โรงพยาบาลส่งเสริมสุขภาพตำบลบ้านหัน,1332,7,7,0,,,,,,,,,,
214,30,นครราชสีมา,สีคิ้ว,02789,2569,โรงพยาบาลส่งเสริมสุขภาพตำบลปางละกอ,264,126,114,12,,,,,,,,,,
215,30,นครราชสีมา,สีคิ้ว,02790,2569,โรงพยาบาลส่งเสริมสุขภาพตำบลวังโรงน้อย,946,86,84,2,,,,,,,,,,
216,30,นครราชสีมา,สีคิ้ว,02798,2569,โรงพยาบาลส่งเสริมสุขภาพตำบลวังโรงใหญ่,528,23,11,12,,,,,,,,,,
217,30,นครราชสีมา,สีคิ้ว,02802,2569,โรงพยาบาลส่งเสริมสุขภาพตำบลหนองกก,1577,10,10,0,,,,,,,,,,
218,30,นครราชสีมา,สีคิ้ว,02799,2569,โรงพยาบาลส่งเสริมสุขภาพตำบลหนองจอก,1171,368,363,5,,,,,,,,,,
219,30,นครราชสีมา,สีคิ้ว,02796,2569,โรงพยาบาลส่งเสริมสุขภาพตำบลหนองน้ำใส,1361,9,9,3,3,3,0,3,0,0,0,,,
220,30,นครราชสีมา,สีคิ้ว,13833,2569,โรงพยาบาลส่งเสริมสุขภาพตำบลหนองแวง,1533,614,581,55,55,54,1,,1,33,1,,,
221,30,นครราชสีมา,สีคิ้ว,02793,2569,โรงพยาบาลส่งเสริมสุขภาพตำบลหนองไผ่,1883,167,166,1,,,,,,,,,,
222,30,นครราชสีมา,สีคิ้ว,02797,2569,โรงพยาบาลส่งเสริมสุขภาพตำบลห้วยลุง,565,264,252,14,14,14,0,14,0,14,0,,,
223,30,นครราชสีมา,สีคิ้ว,02795,2569,โรงพยาบาลส่งเสริมสุขภาพตำบลโนนเสลา,958,222,220,2,,,,,,,,,,
224,30,นครราชสีมา,สีคิ้ว,02791,2569,โรงพยาบาลส่งเสริมสุขภาพตำบลใหม่สำโรง,1178,127,123,4,,,,,,,,,,
225,30,นครราชสีมา,สีดา,23759,2569,ศูนย์แพทย์ชุมชนสีดา,,0,,,,,,,,,,,,
226,30,นครราชสีมา,สีดา,02689,2569,โรงพยาบาลส่งเสริมสุขภาพตำบลหนองจะบก,1240,1091,1056,10,10,10,,10,,10,,,,
227,30,นครราชสีมา,สีดา,02681,2569,โรงพยาบาลส่งเสริมสุขภาพตำบลหินแห่,598,583,548,0,,,,,,,,,,
228,30,นครราชสีมา,สีดา,02686,2569,โรงพยาบาลส่งเสริมสุขภาพตำบลโนนกอก,765,726,726,0,,,,,,,,,,
229,30,นครราชสีมา,สีดา,02691,2569,โรงพยาบาลส่งเสริมสุขภาพตำบลโนนประดู่,703,703,686,23,23,23,0,23,,23,,,,
230,30,นครราชสีมา,สีดา,02682,2569,โรงพยาบาลส่งเสริมสุขภาพตำบลโพนทอง,411,291,280,11,11,11,0,11,0,11,0,,,
231,30,นครราชสีมา,สูงเนิน,02781,2569,โรงพยาบาลส่งเสริมสุขภาพตำบลกุดจิก,1078,1073,1070,3,3,1,2,2,1,3,1,,,
232,30,นครราชสีมา,สูงเนิน,02779,2569,โรงพยาบาลส่งเสริมสุขภาพตำบลนาใหญ่,1321,1248,1233,15,15,13,2,2,0,15,0,,,
233,30,นครราชสีมา,สูงเนิน,02776,2569,โรงพยาบาลส่งเสริมสุขภาพตำบลปลายราง,542,530,518,12,12,12,0,12,0,12,0,,,
234,30,นครราชสีมา,สูงเนิน,02775,2569,โรงพยาบาลส่งเสริมสุขภาพตำบลมะเกลือเก่า,2485,2428,2377,51,51,51,0,51,0,51,0,,,
235,30,นครราชสีมา,สูงเนิน,02777,2569,โรงพยาบาลส่งเสริมสุขภาพตำบลมะเกลือใหม่,997,948,942,6,6,6,0,6,0,6,0,,,
236,30,นครราชสีมา,สูงเนิน,02778,2569,โรงพยาบาลส่งเสริมสุขภาพตำบลวะภูแก้ว,560,412,397,15,15,15,0,15,0,15,0,,,
237,30,นครราชสีมา,สูงเนิน,02828,2569,โรงพยาบาลส่งเสริมสุขภาพตำบลหนองตะไก้,600,580,573,7,7,7,0,7,0,7,0,,,
238,30,นครราชสีมา,สูงเนิน,02863,2569,โรงพยาบาลส่งเสริมสุขภาพตำบลหนองหอย,544,522,504,18,18,18,0,18,0,18,0,,,
239,30,นครราชสีมา,สูงเนิน,13833,2569,โรงพยาบาลส่งเสริมสุขภาพตำบลหนองแวง,874,833,811,22,22,22,0,22,0,22,0,,,
240,30,นครราชสีมา,สูงเนิน,02769,2569,โรงพยาบาลส่งเสริมสุขภาพตำบลหินตั้ง,1181,987,964,23,23,23,0,23,0,23,0,,,
241,30,นครราชสีมา,สูงเนิน,02770,2569,โรงพยาบาลส่งเสริมสุขภาพตำบลเมืองเก่า,679,520,499,21,21,21,0,21,0,21,0,,,
242,30,นครราชสีมา,สูงเนิน,02768,2569,โรงพยาบาลส่งเสริมสุขภาพตำบลเหมือดแอ่,884,839,837,2,2,2,0,2,0,2,0,,,
243,30,นครราชสีมา,สูงเนิน,02771,2569,โรงพยาบาลส่งเสริมสุขภาพตำบลโคกมะกอก,1286,1187,1173,14,14,14,0,14,0,14,0,,,
244,30,นครราชสีมา,สูงเนิน,02774,2569,โรงพยาบาลส่งเสริมสุขภาพตำบลโค้งยาง,691,398,385,13,13,13,0,13,0,13,0,,,
245,30,นครราชสีมา,สูงเนิน,02772,2569,โรงพยาบาลส่งเสริมสุขภาพตำบลโนนค่า,609,449,412,35,35,35,2,35,0,35,0,,,
246,30,นครราชสีมา,หนองบุญมาก,02825,2569,โรงพยาบาลส่งเสริมสุขภาพตำบลซับตะคร้อ,634,11,11,0,,,,,,,,,,
247,30,นครราชสีมา,หนองบุญมาก,02826,2569,โรงพยาบาลส่งเสริมสุขภาพตำบลบุกระโทก,634,176,165,11,,,,,,,,,,
248,30,นครราชสีมา,หนองบุญมาก,02824,2569,โรงพยาบาลส่งเสริมสุขภาพตำบลบ้านพระ,1234,661,643,18,,,,,,,,,,
249,30,นครราชสีมา,หนองบุญมาก,02829,2569,โรงพยาบาลส่งเสริมสุขภาพตำบลลุงเขว้า,954,497,469,28,,,,,,,,,,
250,30,นครราชสีมา,หนองบุญมาก,02823,2569,โรงพยาบาลส่งเสริมสุขภาพตำบลสารภี,816,472,463,9,,,,,,,,,,
251,30,นครราชสีมา,หนองบุญมาก,41092,2569,โรงพยาบาลส่งเสริมสุขภาพตำบลหนองจานพัฒนา,905,95,93,2,2,2,0,2,0,2,0,,,
252,30,นครราชสีมา,หนองบุญมาก,02828,2569,โรงพยาบาลส่งเสริมสุขภาพตำบลหนองตะไก้,1817,800,771,29,,,,,,,,,,
253,30,นครราชสีมา,หนองบุญมาก,02827,2569,โรงพยาบาลส่งเสริมสุขภาพตำบลหนองหัวแรด,1055,165,154,11,,,,,,,,,,
254,30,นครราชสีมา,หนองบุญมาก,02830,2569,โรงพยาบาลส่งเสริมสุขภาพตำบลหนองไม้ไผ่,652,19,17,2,,,,,,,,,,
255,30,นครราชสีมา,หนองบุญมาก,02822,2569,โรงพยาบาลส่งเสริมสุขภาพตำบลหัวทำนบ,1132,124,108,16,,,,,,,,,,
256,30,นครราชสีมา,หนองบุญมาก,02831,2569,โรงพยาบาลส่งเสริมสุขภาพตำบลใหม่อุดม,1065,325,305,20,52,52,0,52,0,52,0,,,
257,30,นครราชสีมา,ห้วยแถลง,02752,2569,โรงพยาบาลส่งเสริมสุขภาพตำบลซ่าเลือด,786,506,491,15,,,,,,,,,,
258,30,นครราชสีมา,ห้วยแถลง,02754,2569,โรงพยาบาลส่งเสริมสุขภาพตำบลตะโก,1111,15,15,0,0,0,0,0,0,0,0,,,
259,30,นครราชสีมา,ห้วยแถลง,02743,2569,โรงพยาบาลส่งเสริมสุขภาพตำบลทับสวาย,764,39,39,0,,,,,,,,,,
260,30,นครราชสีมา,ห้วยแถลง,02745,2569,โรงพยาบาลส่งเสริมสุขภาพตำบลท่าลี่,852,0,,,,,,,,,,,,
261,30,นครราชสีมา,ห้วยแถลง,02751,2569,โรงพยาบาลส่งเสริมสุขภาพตำบลหนองนาพัฒนา,734,0,,,,,,,,,,,,
262,30,นครราชสีมา,ห้วยแถลง,02749,2569,โรงพยาบาลส่งเสริมสุขภาพตำบลหนองพลอง,753,1,1,0,,,,,,,,,,
263,30,นครราชสีมา,ห้วยแถลง,02750,2569,โรงพยาบาลส่งเสริมสุขภาพตำบลหนองม่วงใหญ่,686,4,4,0,,,,,,,,,,
264,30,นครราชสีมา,ห้วยแถลง,02747,2569,โรงพยาบาลส่งเสริมสุขภาพตำบลหนองสาย,826,557,538,19,,,,,,,,,,
265,30,นครราชสีมา,ห้วยแถลง,02755,2569,โรงพยาบาลส่งเสริมสุขภาพตำบลหนองแต้,752,90,88,28,28,28,0,28,0,28,0,,,
266,30,นครราชสีมา,ห้วยแถลง,02753,2569,โรงพยาบาลส่งเสริมสุขภาพตำบลหลุ่งประดู่,2064,118,116,47,47,47,0,47,0,47,0,,,
267,30,นครราชสีมา,ห้วยแถลง,02748,2569,โรงพยาบาลส่งเสริมสุขภาพตำบลหินดาด,1457,173,166,7,,,,,,,,,,
268,30,นครราชสีมา,ห้วยแถลง,02744,2569,โรงพยาบาลส่งเสริมสุขภาพตำบลโนนทอง,690,19,18,1,,,,,,,,,,
269,30,นครราชสีมา,ห้วยแถลง,02746,2569,โรงพยาบาลส่งเสริมสุขภาพตำบลไผ่นกเขา,672,199,191,8,,,,,,,,,,
270,30,นครราชสีมา,เฉลิมพระเกียรติ,15061,2569,ศูนย์สุขภาพชุมชนอำเภอเฉลิมพระเกียติ,1016,939,901,38,38,37,1,1,0,1,,,,
271,30,นครราชสีมา,เฉลิมพระเกียรติ,14695,2569,ศูนย์แพทย์ชุมชนเมือง 11,43,0,,,,,,,,,,,,
272,30,นครราชสีมา,เฉลิมพระเกียรติ,02873,2569,โรงพยาบาลส่งเสริมสุขภาพตำบลนาตาวงษ์,1991,973,972,1,1,1,0,1,0,1,0,,,
273,30,นครราชสีมา,เฉลิมพระเกียรติ,02871,2569,โรงพยาบาลส่งเสริมสุขภาพตำบลบ้านกรูด,931,832,808,23,23,23,1,1,,23,,,,
274,30,นครราชสีมา,เฉลิมพระเกียรติ,02874,2569,โรงพยาบาลส่งเสริมสุขภาพตำบลบ้านโสง,1239,1206,1170,36,36,36,0,27,9,0,0,,,
275,30,นครราชสีมา,เฉลิมพระเกียรติ,02872,2569,โรงพยาบาลส่งเสริมสุขภาพตำบลพระพุทธ,1374,1286,1248,38,38,38,0,38,0,0,0,,,
276,30,นครราชสีมา,เฉลิมพระเกียรติ,02870,2569,โรงพยาบาลส่งเสริมสุขภาพตำบลมะดัน,666,325,308,17,17,17,0,17,0,17,0,,,
277,30,นครราชสีมา,เทพารักษ์,02853,2569,โรงพยาบาลส่งเสริมสุขภาพตำบลบึงปรือ,489,4,3,1,,,,,,,,,,
278,30,นครราชสีมา,เทพารักษ์,02854,2569,โรงพยาบาลส่งเสริมสุขภาพตำบลวังยายทอง,755,0,,,,,,,,,,,,
279,30,นครราชสีมา,เทพารักษ์,02852,2569,โรงพยาบาลส่งเสริมสุขภาพตำบลสะพานหิน,278,0,,,,,,,,,,,,
280,30,นครราชสีมา,เทพารักษ์,02850,2569,โรงพยาบาลส่งเสริมสุขภาพตำบลสำนักตะคร้อ,223,52,52,0,0,,,,,,,,,
281,30,นครราชสีมา,เทพารักษ์,13833,2569,โรงพยาบาลส่งเสริมสุขภาพตำบลหนองแวง,1515,7,7,0,,,,,,,,,,
282,30,นครราชสีมา,เมืองนครราชสีมา,,2569,ศูนย์พัฒนาคุณภาพชีวิตผู้สูงอายุและส่งสริมอาชีพผู้สูงอายุ ผู้พิการฯ ทต.จอหอ,,0,,,,,,,,,,,,
283,30,นครราชสีมา,เมืองนครราชสีมา,,2569,ศูนย์พัฒนาคุณภาพชีวิตและส่งเสริมอาชีพผู้สูงอายุ องค์การบริหารส่วนตำบลหนองบัวศาลา,,0,,,,,,,,,,,,
284,30,นครราชสีมา,เมืองนครราชสีมา,02558,2569,โรงพยาบาลส่งเสริมสุขภาพตำบลกระฉอด,1208,12,11,1,,,,,,,,,,
285,30,นครราชสีมา,เมืองนครราชสีมา,02546,2569,โรงพยาบาลส่งเสริมสุขภาพตำบลขนาย,2504,40,40,0,,,,,,,,,,
286,30,นครราชสีมา,เมืองนครราชสีมา,02557,2569,โรงพยาบาลส่งเสริมสุขภาพตำบลทุ่งกระโดน,514,0,,,,,,,,,,,,
287,30,นครราชสีมา,เมืองนครราชสีมา,02824,2569,โรงพยาบาลส่งเสริมสุขภาพตำบลบ้านพระ,1564,1438,1434,4,4,4,0,4,0,0,0,,,
288,30,นครราชสีมา,เมืองนครราชสีมา,02552,2569,โรงพยาบาลส่งเสริมสุขภาพตำบลบ้านโคกกรวด,,0,,,,,,,,,,,,
289,30,นครราชสีมา,เมืองนครราชสีมา,02547,2569,โรงพยาบาลส่งเสริมสุขภาพตำบลบ้านใหม่,730,7,3,4,,,,,,,,,,
290,30,นครราชสีมา,เมืองนครราชสีมา,02544,2569,โรงพยาบาลส่งเสริมสุขภาพตำบลพลกรัง,914,780,737,43,,,,,,,,,,
291,30,นครราชสีมา,เมืองนครราชสีมา,02549,2569,โรงพยาบาลส่งเสริมสุขภาพตำบลพุดซา,1062,11,10,1,,,,,,,,,,
292,30,นครราชสีมา,เมืองนครราชสีมา,02656,2569,โรงพยาบาลส่งเสริมสุขภาพตำบลมะค่า,146,0,,,,,,,,,,,,
293,30,นครราชสีมา,เมืองนครราชสีมา,02559,2569,โรงพยาบาลส่งเสริมสุขภาพตำบลมะเริงน้อย,1111,29,29,0,,,,,,,,,,
294,30,นครราชสีมา,เมืองนครราชสีมา,02555,2569,โรงพยาบาลส่งเสริมสุขภาพตำบลยางใหญ่,2573,22,22,0,,,,,,,,,,
295,30,นครราชสีมา,เมืองนครราชสีมา,02551,2569,โรงพยาบาลส่งเสริมสุขภาพตำบลระกาย,1661,439,419,36,36,31,5,36,,,,,,
296,30,นครราชสีมา,เมืองนครราชสีมา,02548,2569,โรงพยาบาลส่งเสริมสุขภาพตำบลศรีษะละเลิง,1128,8,7,1,,,,,,,,,,
297,30,นครราชสีมา,เมืองนครราชสีมา,02556,2569,โรงพยาบาลส่งเสริมสุขภาพตำบลสีมุม,1101,667,665,2,2,2,,2,,,,,,
298,30,นครราชสีมา,เมืองนครราชสีมา,02805,2569,โรงพยาบาลส่งเสริมสุขภาพตำบลหนองกระทุ่ม,1610,1318,1315,3,3,3,,3,,,,,,
299,30,นครราชสีมา,เมืองนครราชสีมา,02537,2569,โรงพยาบาลส่งเสริมสุขภาพตำบลหนองปรู,2457,39,36,3,,,,,,,,,,
300,30,นครราชสีมา,เมืองนครราชสีมา,02554,2569,โรงพยาบาลส่งเสริมสุขภาพตำบลหนองปลิง,2307,1466,1393,73,,,,,,,,,,
301,30,นครราชสีมา,เมืองนครราชสีมา,02541,2569,โรงพยาบาลส่งเสริมสุขภาพตำบลหนองพระลาน,358,5,5,0,,,,,,,,,,
302,30,นครราชสีมา,เมืองนครราชสีมา,02536,2569,โรงพยาบาลส่งเสริมสุขภาพตำบลหนองพลวงมะนาว,3486,6,4,2,,,,,,,,,,
303,30,นครราชสีมา,เมืองนครราชสีมา,13827,2569,โรงพยาบาลส่งเสริมสุขภาพตำบลหนองยารักษ์,1371,1371,1345,26,26,26,0,26,0,26,0,,,
304,30,นครราชสีมา,เมืองนครราชสีมา,02806,2569,โรงพยาบาลส่งเสริมสุขภาพตำบลหนองไข่น้ำ,1235,864,830,34,34,34,,34,,,,,,
305,30,นครราชสีมา,เมืองนครราชสีมา,02542,2569,โรงพยาบาลส่งเสริมสุขภาพตำบลหลักร้อย,1995,7,6,1,,,,,,,,,,
306,30,นครราชสีมา,เมืองนครราชสีมา,02538,2569,โรงพยาบาลส่งเสริมสุขภาพตำบลโคกสูง,1977,5,4,1,1,1,0,1,0,1,0,,,
307,30,นครราชสีมา,เมืองนครราชสีมา,02650,2569,โรงพยาบาลส่งเสริมสุขภาพตำบลโตนด,1427,65,65,0,,,,,,,,,,
308,30,นครราชสีมา,เมืองนครราชสีมา,02545,2569,โรงพยาบาลส่งเสริมสุขภาพตำบลโนนฝรั่ง,3574,2123,2003,147,147,146,1,1,0,16,1,,,
309,30,นครราชสีมา,เมืองนครราชสีมา,13826,2569,โรงพยาบาลส่งเสริมสุขภาพตำบลโพนสูง,2140,6,5,1,,,,,,,,,,
310,30,นครราชสีมา,เมืองนครราชสีมา,02553,2569,โรงพยาบาลส่งเสริมสุขภาพตำบลไชยมงคล,1494,543,527,22,22,22,0,22,0,22,0,,,
311,30,นครราชสีมา,เมืองนครราชสีมา,14827,2569,ศูนย์บริการสาธารณสุข 2 (ทุ่งสว่าง) เทศบาลนครนครราชสีมา,288,66,54,12,,,,,,,,,,
312,30,นครราชสีมา,เมืองนครราชสีมา,14826,2569,ศูนย์บริการสาธารณสุข 3 (สวนพริกไทย) เทศบาลนครนครราชสีมา,,0,,,,,,,,,,,,
313,30,นครราชสีมา,เมืองนครราชสีมา,22736,2569,ศูนย์บริการสาธารณสุข 4 (การเคหะ) เทศบาลนครนครราชสีมา,9,0,,,,,,,,,,,,
314,30,นครราชสีมา,เมืองนครราชสีมา,77524,2569,ศูนย์บริการสาธารณสุข 6 (วัดศาลาทอง) เทศบาลนครนครราชสีมา,261,0,,,,,,,,,,,,
315,30,นครราชสีมา,เมืองนครราชสีมา,23550,2569,ศูนย์บริการสาธารณสุขตำบลหัวทะเล,,0,,,,,,,,,,,,
316,30,นครราชสีมา,เมืองนครราชสีมา,24742,2569,ศูนย์บริการสาธารณสุขเทศบาลนคร นครราชสีมา (เพาะชำ),,0,,,,,,,,,,,,
317,30,นครราชสีมา,เมืองนครราชสีมา,14421,2569,ศูนย์บริการสาธารณสุขเทศบาลนครนครราชสีมา,,0,,,,,,,,,,,,
318,30,นครราชสีมา,เมืองนครราชสีมา,14690,2569,ศูนย์สุขภาพชุมชนเมือง 7 โคกกรวด,2473,24,23,24,24,23,1,1,0,24,1,,,
319,30,นครราชสีมา,เมืองนครราชสีมา,77497,2569,ศูนย์สุขภาพชุมชนโรงพยาบาลเทพรัตน์นครราชสีมา,165,0,,,,,,,,,,,,
320,30,นครราชสีมา,เมืองนครราชสีมา,14834,2569,ศูนย์แพทย์ชุมชนเมือง 1 หัวทะเล,615,173,172,1,,,,,,,,,,
321,30,นครราชสีมา,เมืองนครราชสีมา,14697,2569,ศูนย์แพทย์ชุมชนเมือง 13,2080,1303,1249,54,54,54,0,0,0,54,0,,,
322,30,นครราชสีมา,เมืองนครราชสีมา,14835,2569,ศูนย์แพทย์ชุมชนเมือง 2 วัดป่าสาละวัน,1306,27,22,5,,,,,,,,,,
323,30,นครราชสีมา,เมืองนครราชสีมา,14836,2569,ศูนย์แพทย์ชุมชนเมือง 3 วัดบูรพ์,1312,32,29,3,,,,,,,,,,
324,30,นครราชสีมา,เมืองนครราชสีมา,14691,2569,ศูนย์แพทย์ชุมชนเมือง 8,,0,,,,,,,,,,,,
325,30,นครราชสีมา,เมืองนครราชสีมา,14696,2569,ศูนย์แพทย์ชุมชนเมือง12,1410,30,29,1,,,,,,,,,,
326,30,นครราชสีมา,เมืองนครราชสีมา,15060,2569,คลินิกเวชปฎิบัติครอบครัว,266,5,4,1,,,,,,,,,,
327,30,นครราชสีมา,เมืองนครราชสีมา,14693,2569,ศูนย์แพทย์ชุมชนเมือง9,158,13,13,0,,,,,,,,,,
328,30,นครราชสีมา,เมืองยาง,02856,2569,โรงพยาบาลส่งเสริมสุขภาพตำบลกระเบื้องนอก,1528,646,631,15,32,32,0,32,0,32,0,,,
329,30,นครราชสีมา,เมืองยาง,02857,2569,โรงพยาบาลส่งเสริมสุขภาพตำบลครบุรี,1548,96,96,40,,,,,,,,,,
330,30,นครราชสีมา,เมืองยาง,02855,2569,โรงพยาบาลส่งเสริมสุขภาพตำบลลิ้นฟ้า,913,686,661,25,,,,,,,,,,
331,30,นครราชสีมา,เมืองยาง,02858,2569,โรงพยาบาลส่งเสริมสุขภาพตำบลเมืองจาก,988,959,964,24,24,24,5,24,0,5,0,,,
332,30,นครราชสีมา,เสิงสาง,,2569,ศูนย์พัฒนาคุณภาพชีวิต และส่งเสริมอาชีพ ผู้สูงอายุ ผู้พิการ เทศบาลตำบลเสิงสาง,,0,,,,,,,,,,,,
333,30,นครราชสีมา,เสิงสาง,99892,2569,ศูนย์สุขภาพชุมชนสระประทีป,,0,,,,,,,,,,,,
334,30,นครราชสีมา,เสิงสาง,02580,2569,โรงพยาบาลส่งเสริมสุขภาพตำบลกุดโบสถ์,1530,9,9,0,,,,,,,,,,
335,30,นครราชสีมา,เสิงสาง,02582,2569,โรงพยาบาลส่งเสริมสุขภาพตำบลดอนแขวน,724,0,,,,,,,,,,,,
336,30,นครราชสีมา,เสิงสาง,02584,2569,โรงพยาบาลส่งเสริมสุขภาพตำบลราษฎร์พัฒนา,1586,61,60,1,,,,,,,,,,
337,30,นครราชสีมา,เสิงสาง,13828,2569,โรงพยาบาลส่งเสริมสุขภาพตำบลราษฎร์สามัคคี,137,0,,,,,,,,,,,,
338,30,นครราชสีมา,เสิงสาง,02581,2569,โรงพยาบาลส่งเสริมสุขภาพตำบลสมบัติเจริญ,994,51,51,0,,,,,,,,,,
339,30,นครราชสีมา,เสิงสาง,02578,2569,โรงพยาบาลส่งเสริมสุขภาพตำบลสันติสุข,578,2,2,0,,,,,,,,,,
340,30,นครราชสีมา,เสิงสาง,02583,2569,โรงพยาบาลส่งเสริมสุขภาพตำบลหนองตูม,960,92,87,5,,,,,,,,,,
341,30,นครราชสีมา,เสิงสาง,02579,2569,โรงพยาบาลส่งเสริมสุขภาพตำบลโคกน้อย,1828,154,151,3,,,,,,,,,,
342,30,นครราชสีมา,เสิงสาง,02577,2569,โรงพยาบาลส่งเสริมสุขภาพตำบลโคกไม้ตาย,1353,16,15,1,,,,,,,,,,
343,30,นครราชสีมา,เสิงสาง,10212,2569,โรงพยาบาลส่งเสริมสุขภาพตำบลโนนสมบูรณ์,,0,,,,,,,,,,,,
344,30,นครราชสีมา,แก้งสนามนาง,99962,2569,ศูนย์แพทย์ชุมชนตำบลแก้งสนามนาง,55,40,0,0,,,,,,,,,,
345,30,นครราชสีมา,แก้งสนามนาง,02834,2569,โรงพยาบาลส่งเสริมสุขภาพตำบลสีสุก,1009,333,307,26,,,,,,,,,,
346,30,นครราชสีมา,แก้งสนามนาง,02835,2569,โรงพยาบาลส่งเสริมสุขภาพตำบลหัวหนอง,949,2,2,0,,,,,,,,,,
347,30,นครราชสีมา,แก้งสนามนาง,02833,2569,โรงพยาบาลส่งเสริมสุขภาพตำบลโนนระเวียง,1997,603,591,12,,,,,,,,,,
348,30,นครราชสีมา,แก้งสนามนาง,02832,2569,โรงพยาบาลส่งเสริมสุขภาพตำบลโนนสำราญ,1574,99,96,3,,,,,,,,,,
349,30,นครราชสีมา,โชคชัย,22143,2569,ศูนย์สุขภาพชุมชนดอนไพล,932,717,686,31,,,,,,,,,,
350,30,นครราชสีมา,โชคชัย,02615,2569,โรงพยาบาลส่งเสริมสุขภาพตำบลกอโจด,914,242,231,11,,,,,,,,,,
351,30,นครราชสีมา,โชคชัย,02613,2569,โรงพยาบาลส่งเสริมสุขภาพตำบลขี้ตุ่น,1077,24,21,3,,,,,,,,,,
352,30,นครราชสีมา,โชคชัย,13829,2569,โรงพยาบาลส่งเสริมสุขภาพตำบลคลองกลาง,599,7,7,0,,,,,,,,,,
353,30,นครราชสีมา,โชคชัย,02617,2569,โรงพยาบาลส่งเสริมสุขภาพตำบลด่านเกวียน,1803,279,263,16,,,,,,,,,,
354,30,นครราชสีมา,โชคชัย,02612,2569,โรงพยาบาลส่งเสริมสุขภาพตำบลท่าลาดขาว,925,26,26,0,,,,,,,,,,
355,30,นครราชสีมา,โชคชัย,02610,2569,โรงพยาบาลส่งเสริมสุขภาพตำบลท่าอ่าง,1642,19,18,1,,,,,,,,,,
356,30,นครราชสีมา,โชคชัย,02614,2569,โรงพยาบาลส่งเสริมสุขภาพตำบลบ้านโจด,684,467,456,11,,,,,,,,,,
357,30,นครราชสีมา,โชคชัย,02609,2569,โรงพยาบาลส่งเสริมสุขภาพตำบลพลับพลา,1421,437,426,11,11,10,1,11,0,10,1,,,
358,30,นครราชสีมา,โชคชัย,02608,2569,โรงพยาบาลส่งเสริมสุขภาพตำบลพะโค,1794,779,765,14,,,,,,,,,,
359,30,นครราชสีมา,โชคชัย,02616,2569,โรงพยาบาลส่งเสริมสุขภาพตำบลละลม,1430,83,82,1,,,,,,,,,,
360,30,นครราชสีมา,โชคชัย,02611,2569,โรงพยาบาลส่งเสริมสุขภาพตำบลหนองปรึก,1472,724,706,18,18,15,3,15,3,15,3,,,
361,30,นครราชสีมา,โนนสูง,14828,2569,เทศบาลโนนสูง,67,30,25,5,5,5,0,0,0,5,0,,,
362,30,นครราชสีมา,โนนสูง,02652,2569,โรงพยาบาลส่งเสริมสุขภาพตำบลดอนชมพู,2740,1230,1181,49,49,49,0,0,0,49,0,,,
363,30,นครราชสีมา,โนนสูง,02663,2569,โรงพยาบาลส่งเสริมสุขภาพตำบลดอนท้าว,1473,67,66,1,,,,,,,,,,
364,30,นครราชสีมา,โนนสูง,02653,2569,โรงพยาบาลส่งเสริมสุขภาพตำบลตลาดแค,2153,26,25,1,,,,,,,,,,
365,30,นครราชสีมา,โนนสูง,02655,2569,โรงพยาบาลส่งเสริมสุขภาพตำบลท่ากระทุ่ม,2538,589,560,29,,,,,,,,,,
366,30,นครราชสีมา,โนนสูง,02665,2569,โรงพยาบาลส่งเสริมสุขภาพตำบลนาราดพัฒนา,812,20,19,1,,,,,,,,,,
367,30,นครราชสีมา,โนนสูง,02651,2569,โรงพยาบาลส่งเสริมสุขภาพตำบลบ้านเพชร,1337,2,2,0,,,,,,,,,,
368,30,นครราชสีมา,โนนสูง,02659,2569,โรงพยาบาลส่งเสริมสุขภาพตำบลบ้านเหล่า,1032,675,648,27,,,,,,,,,,
369,30,นครราชสีมา,โนนสูง,02649,2569,โรงพยาบาลส่งเสริมสุขภาพตำบลบ้านใหม่กลอ,2209,1029,1001,28,,,,,,,,,,
370,30,นครราชสีมา,โนนสูง,02660,2569,โรงพยาบาลส่งเสริมสุขภาพตำบลบ้านไพ,1319,10,10,0,,,,,,,,,,
371,30,นครราชสีมา,โนนสูง,02657,2569,โรงพยาบาลส่งเสริมสุขภาพตำบลพลสงคราม,889,38,38,0,,,,,,,,,,
372,30,นครราชสีมา,โนนสูง,02656,2569,โรงพยาบาลส่งเสริมสุขภาพตำบลมะค่า,2452,1,1,0,,,,,,,,,,
373,30,นครราชสีมา,โนนสูง,02658,2569,โรงพยาบาลส่งเสริมสุขภาพตำบลมะรุม,843,84,73,11,,,,,,,,,,
374,30,นครราชสีมา,โนนสูง,02662,2569,โรงพยาบาลส่งเสริมสุขภาพตำบลสะพาน,1406,229,217,12,,,,,,,,,,
375,30,นครราชสีมา,โนนสูง,02664,2569,โรงพยาบาลส่งเสริมสุขภาพตำบลหนองตะคลอง,711,5,5,0,,,,,,,,,,
376,30,นครราชสีมา,โนนสูง,02661,2569,โรงพยาบาลส่งเสริมสุขภาพตำบลหนองหว้า,1843,82,82,0,,,,,,,,,,
377,30,นครราชสีมา,โนนสูง,02722,2569,โรงพยาบาลส่งเสริมสุขภาพตำบลหลุมข้าว,478,0,,,,,,,,,,,,
378,30,นครราชสีมา,โนนสูง,02650,2569,โรงพยาบาลส่งเสริมสุขภาพตำบลโตนด,990,11,11,0,,,,,,,,,,
379,30,นครราชสีมา,โนนแดง,02838,2569,โรงพยาบาลส่งเสริมสุขภาพตำบลดอนยาวน้อย,822,676,662,14,14,14,,14,,14,0,,,
380,30,นครราชสีมา,โนนแดง,02839,2569,โรงพยาบาลส่งเสริมสุขภาพตำบลดอนยาวใหญ่,649,453,448,5,,,,,,,,,,
381,30,นครราชสีมา,โนนแดง,02837,2569,โรงพยาบาลส่งเสริมสุขภาพตำบลสำพะเนียง,1144,655,648,7,,,,,,,,,,
382,30,นครราชสีมา,โนนแดง,02836,2569,โรงพยาบาลส่งเสริมสุขภาพตำบลโนนตาเถร,902,534,525,9,29,29,,29,,29,,,,
383,30,นครราชสีมา,โนนไทย,02643,2569,โรงพยาบาลส่งเสริมสุขภาพตำบลคูเมือง,970,542,541,1,1,1,,,,1,,,,
384,30,นครราชสีมา,โนนไทย,02641,2569,โรงพยาบาลส่งเสริมสุขภาพตำบลค้างพลู,1110,45,45,0,,,,,,,,,,
385,30,นครราชสีมา,โนนไทย,02637,2569,โรงพยาบาลส่งเสริมสุขภาพตำบลด่านจาก,1071,75,75,0,,,,,,,,,,
386,30,นครราชสีมา,โนนไทย,13830,2569,โรงพยาบาลส่งเสริมสุขภาพตำบลตะคร้อ,696,480,474,6,,,,,,,,,,
387,30,นครราชสีมา,โนนไทย,02647,2569,โรงพยาบาลส่งเสริมสุขภาพตำบลถนนโพธิ์,886,399,385,14,,,,,,,,,,
388,30,นครราชสีมา,โนนไทย,02642,2569,โรงพยาบาลส่งเสริมสุขภาพตำบลบ้านวัง,843,414,397,17,,,,,,,,,,
389,30,นครราชสีมา,โนนไทย,02644,2569,โรงพยาบาลส่งเสริมสุขภาพตำบลสระตะเฆ่,728,1,1,0,,,,,,,,,,
390,30,นครราชสีมา,โนนไทย,02640,2569,โรงพยาบาลส่งเสริมสุขภาพตำบลสระพัง,378,31,31,0,,,,,,,,,,
391,30,นครราชสีมา,โนนไทย,02645,2569,โรงพยาบาลส่งเสริมสุขภาพตำบลสายออ,1446,2,2,0,,,,,,,,,,
392,30,นครราชสีมา,โนนไทย,02698,2569,โรงพยาบาลส่งเสริมสุขภาพตำบลสำโรง,1018,18,18,0,,,,,,,,,,
393,30,นครราชสีมา,โนนไทย,02648,2569,โรงพยาบาลส่งเสริมสุขภาพตำบลหนองดุม,910,10,10,0,,,,,,,,,,
394,30,นครราชสีมา,โนนไทย,02638,2569,โรงพยาบาลส่งเสริมสุขภาพตำบลใหม่นารี,1855,162,160,2,,,,,,,,,,
1,30,นครราชสีมา,ขามทะเลสอ,10888,2569,โรงพยาบาลขามทะเลสอ,1412,145,140,5,,,,,,,,,,
2,30,นครราชสีมา,ขามสะแกแสง,10880,2569,โรงพยาบาลขามสะแกแสง,2453,127,126,1,,,,,,,,,,
3,30,นครราชสีมา,คง,10873,2569,โรงพยาบาลคง,2028,24,24,0,,,,,,,,,,
4,30,นครราชสีมา,ครบุรี,10871,2569,โรงพยาบาลครบุรี,2276,1506,1480,26,,,,,,,,,,
5,30,นครราชสีมา,จักราช,10875,2569,โรงพยาบาลจักราช,1337,36,36,0,,,,,,,,,,
6,30,นครราชสีมา,ชุมพวง,10886,2569,โรงพยาบาลชุมพวง,2271,1259,1239,20,,,,,,,,,,
7,30,นครราชสีมา,ด่านขุนทด,10877,2569,โรงพยาบาลหลวงพ่อคูณ ปริสุทฺโธ,3246,73,68,5,,,,,,,,,,
8,30,นครราชสีมา,บัวลาย,27839,2569,โรงพยาบาลบัวลาย,850,265,247,18,18,18,0,18,0,8,0,,,
9,30,นครราชสีมา,บัวใหญ่,10881,2569,โรงพยาบาลบัวใหญ่,605,4,4,0,,,,,,,,,,
10,30,นครราชสีมา,บ้านเหลื่อม,10874,2569,โรงพยาบาลบ้านเหลื่อม,1187,105,102,3,,,,,,,,,,
11,30,นครราชสีมา,ประทาย,10882,2569,โรงพยาบาลประทาย,1711,1335,1288,47,,,,,,,,,,
12,30,นครราชสีมา,ปักธงชัย,10883,2569,โรงพยาบาลปักธงชัย,3919,1863,1765,98,,,,,,,,,,
13,30,นครราชสีมา,ปากช่อง,10890,2569,โรงพยาบาลปากช่องนานา,2636,403,369,34,,,,,,,,,,
14,30,นครราชสีมา,พระทองคำ,22456,2569,โรงพยาบาลพระทองคำ เฉลิมพระเกียรติ 80 พรรษา,1538,1179,1142,37,,,,,,,,,,
15,30,นครราชสีมา,พิมาย,10884,2569,โรงพยาบาลพิมาย,3192,43,42,1,,,,,,,,,,
16,30,นครราชสีมา,ลำทะเมนชัย,11608,2569,โรงพยาบาลลำทะเมนชัย,1270,17,17,0,,,,,,,,,,
17,30,นครราชสีมา,วังน้ำเขียว,10894,2569,โรงพยาบาลวังน้ำเขียว,921,659,530,29,1,27,1,27,0,1,1,,,
18,30,นครราชสีมา,สีคิ้ว,10889,2569,โรงพยาบาลสีคิ้ว,5577,524,509,15,,,,,,,,,,
19,30,นครราชสีมา,สีดา,27840,2569,โรงพยาบาลสีดา,891,402,391,11,11,11,0,11,0,11,0,,,
20,30,นครราชสีมา,สูงเนิน,10887,2569,โรงพยาบาลสูงเนิน,4109,2358,2258,100,,,,,,,,,,
21,30,นครราชสีมา,หนองบุญมาก,10891,2569,โรงพยาบาลหนองบุญมาก,686,113,112,1,,,,,,,,,,
22,30,นครราชสีมา,ห้วยแถลง,10885,2569,โรงพยาบาลห้วยแถลง,2368,179,172,7,,,,,,,,,,
23,30,นครราชสีมา,เฉลิมพระเกียรติ,24692,2569,โรงพยาบาลเฉลิมพระเกียรติ,1078,938,900,38,,,,,,,,,,
23,30,นครราชสีมา,เทพารักษ์,27841,2569,โรงพยาบาลเทพารักษ์,984,0,,,,,,,,,,,,
23,30,นครราชสีมา,เมืองยาง,11602,2569,โรงพยาบาลเฉลิมพระเกียรติสมเด็จย่า 100 ปี,609,36,35,1,,,,,,,,,,
23,30,นครราชสีมา,เสิงสาง,10872,2569,โรงพยาบาลเสิงสาง,2159,145,143,2,,,,,,,,,,
23,30,นครราชสีมา,แก้งสนามนาง,10892,2569,โรงพยาบาลแก้งสนามนาง,1818,1484,1444,40,31,31,9,40,0,9,2,,,
23,30,นครราชสีมา,โชคชัย,10876,2569,โรงพยาบาลโชคชัย,2876,2009,1956,53,,,,,,,,,,
23,30,นครราชสีมา,โนนสูง,10879,2569,โรงพยาบาลโนนสูง,1745,230,227,3,,,,,,,,,,
23,30,นครราชสีมา,โนนแดง,10893,2569,โรงพยาบาลโนนแดง,1874,81,81,0,,,,,,,,,,
23,30,นครราชสีมา,โนนไทย,10878,2569,โรงพยาบาลโนนไทย,2686,755,747,8,10,10,,10,,10,0,,,
